-30.3625,-52.4374
-28.5514583333333,-51.4364805555556
-27.5940416666667,-52.6079027777778
-28.4867916666667,-52.6405638888889
-26.983625,-52.0486555555556
-28.0461666666667,-53.0445083333333
-31.066,-53.3139888888889
-30.4056666666667,-53.5258972222222
-29.2894583333333,-54.3668472222222
-28.702,-53.0992527777778
-26.9519166666667,-53.2961055555556
-27.777125,-53.5080555555556
-27.04325,-53.6703388888889
-28.6014583333333,-53.2330333333333
-28.4532083333334,-54.3031083333333
-27.7229583333333,-51.6594583333333
-29.3317083333333,-52.6660972222222
-28.8055,-52.671825
-28.637125,-52.6515055555556
-29.74525,-52.9562111111111
-29.1010416666666,-53.5654916666667
-25.800375,-53.6435055555556
-26.9100833333333,-52.4837444444444
-28.9907083333333,-51.7400527777778
-30.2080416666667,-52.1578194444444
-30.2570416666667,-52.9441944444444
-27.46575,-53.0383416666667
-28.6709166666667,-53.0681444444444
-28.104875,-51.1736916666667
-29.2090416666667,-53.7416916666667
-26.5182083333333,-52.5781
-27.6184583333333,-52.9132444444444
-28.6363333333333,-52.8380611111111
-28.6497916666667,-52.7142583333333
-28.368625,-53.7200944444444
-26.3768333333334,-52.3472444444444
-26.4469166666667,-52.3215388888889
-26.4955833333334,-52.8338
-28.4809166666667,-53.1271694444444
-28.53625,-52.437075
-27.295625,-52.6240888888889
-27.2163333333333,-52.3367805555556
-28.262125,-51.6280277777778
-29.76175,-53.8504722222222
-26.5816666666667,-52.6088833333333
-29.0652083333333,-52.5864777777778
-28.895625,-52.1748861111111
-28.01275,-53.0500611111111
-29.21625,-52.9937805555556
-26.5736666666667,-52.9204694444444
-26.6292083333333,-52.9323972222222
-28.9180833333333,-52.1018138888889
-27.4896666666667,-53.5909694444444
-27.5341666666667,-52.8771694444444
-29.2866666666667,-52.0926916666667
-29.2564583333333,-54.2540333333333
-28.2908333333333,-53.0483333333333
-28.4434583333333,-52.0943083333333
-28.6572916666667,-52.6773
-28.6432083333333,-53.3561944444444
-28.0801666666667,-52.7570833333333
-27.0073333333333,-51.7906722222222
-27.7865833333333,-52.4804138888889
-30.514,-54.0100166666667
-27.263875,-51.9682527777778
-27.6895,-53.4187527777778
-28.301125,-52.4700222222222
-28.4987083333333,-52.0266055555556
-27.73425,-53.4163611111111
-30.8119583333333,-53.6520833333333
-29.626,-52.0788416666667
-28.039,-53.1888972222222
-28.845625,-53.5939527777778
-28.9963333333333,-52.6086055555556
-26.78925,-53.9016194444444
-27.422375,-51.8006472222222
-30.9285,-53.4498833333333
-29.990875,-52.3759888888889
-26.5924583333333,-53.2637083333333
-29.6623333333333,-51.7944222222222
-26.5250833333333,-52.8938805555556
-26.51475,-51.7626777777778
-28.3165,-52.5174944444444
-29.5464583333333,-52.5901611111111
-29.0712916666666,-52.7245472222222
-27.6002916666667,-51.6921611111111
-29.0664166666666,-52.8062805555556
-28.0517916666667,-53.6050333333333
-29.148625,-51.6783861111111
-29.8605833333333,-53.4493166666667
-29.7134166666666,-52.7895638888889
-27.590625,-50.9291416666667
-28.8923333333333,-52.8101111111111
-27.6093333333333,-52.462275
-29.2532916666667,-51.9315027777778
-27.9735833333333,-51.9347527777778
-28.4150416666667,-52.0735138888889
-28.6907916666666,-51.8314055555556
-28.9100833333333,-53.2661083333333
-28.0224583333333,-51.8504833333333
-28.308375,-52.659525
-29.8261666666667,-51.7609194444444
-29.0128333333333,-51.6449666666667
-27.0717916666667,-53.5047583333333
-29.2035,-53.0826472222222
-27.9644583333334,-52.4607555555556
-26.8571666666667,-51.5788472222222
-29.6625,-52.8108388888889
-29.6065416666666,-52.3290777777778
-29.029625,-52.3238027777778
-28.75825,-52.7091305555556
-29.0552083333333,-52.8948972222222
-29.1454583333333,-53.1967944444444
-29.3024583333333,-52.13155
-29.332875,-52.3603361111111
-28.8492083333333,-52.3313333333333
-28.03875,-53.3437666666667
-28.8609166666667,-52.7770527777778
-28.6492916666667,-52.9727972222222
-26.7679166666667,-53.4702027777778
-29.9029166666667,-52.3075861111111
-29.5513333333333,-53.2762944444444
-28.4246666666667,-52.9878333333333
-29.3676666666667,-52.2326361111111
-26.9232916666667,-53.4934388888889
-28.9640833333333,-51.8901388888889
-29.7477916666666,-53.4946972222222
-29.7263333333333,-53.2630083333333
-28.1458333333333,-52.7473138888889
-27.9864583333333,-52.1288444444444
-28.3100416666667,-53.2168472222222
-28.8350416666667,-52.7481111111111
-29.7243333333333,-53.7474444444444
-30.9666666666667,-53.6409305555556
-29.0002083333333,-53.0047861111111
-28.02325,-52.1038416666667
-28.871875,-53.2746861111111
-29.074,-54.3754666666667
-28.900125,-53.3183694444444
-29.3295833333333,-52.3776361111111
-175.800416666667,-48.3737861111111
-175.782833333333,-48.0945166666667
-176.168166666667,-48.3034888888889
-176.685416666667,-48.2744583333333
-176.014666666667,-48.2047166666667
-176.256708333333,-48.1844055555555
-176.002583333333,-48.2734444444444
-176.320625,-48.052225
-176.038458333333,-48.4329222222222
-175.906666666667,-48.4355222222222
-176.139333333333,-48.5248166666667
-175.620041666667,-48.3373722222222
-176.053125,-48.6491027777778
-175.619375,-48.7471194444444
-176.119125,-48.2882416666667
-175.58775,-48.1784277777778
-175.467583333333,-48.2041972222222
-175.380625,-48.5750083333333
-175.70725,-47.7180944444444
-175.919833333333,-48.2099305555556
-175.871625,-48.3307027777778
-175.680333333333,-48.1854472222222
-175.191208333333,-48.2708611111111
-175.457625,-47.9480083333333
-176.05175,-48.2725138888889
-176.059541666667,-48.3268166666667
-175.697625,-48.1258138888889
-175.686875,-48.3140694444444
-176.032625,-48.0865111111111
-175.065791666667,-48.3375361111111
-175.983291666667,-48.6433083333333
-175.595916666667,-48.4447166666667
-176.007166666667,-48.0727972222222
-175.871041666667,-47.8398805555556
-175.943333333333,-48.1234444444444
-175.910833333333,-48.4448388888889
-175.374,-48.0768861111111
-175.743958333333,-48.2444055555556
-176.045708333333,-48.4471527777778
-175.966625,-48.1862444444444
-175.382125,-48.6839083333333
-176.288916666667,-48.3926722222222
-175.52275,-48.415775
-175.90375,-48.3347194444444
-175.086,-47.9763777777778
-175.7055,-48.1883333333333
-176.111583333333,-48.3391166666667
-143.73625,-74.5189194444444
-143.791333333333,-75.156775
-143.991458333333,-74.689375
-143.030125,-75.1019694444444
-143.124958333333,-75.2556138888889
-143.864708333333,-75.2489888888889
-142.972875,-74.7982111111111
-143.662541666667,-74.398325
-141.345083333333,-74.8433472222222
-142.633791666667,-74.7053194444444
-143.056291666667,-74.9022833333333
-140.876583333333,-74.6791833333333
-142.465833333333,-74.63675
-140.745958333333,-74.0194833333333
-12.0166666666667,-14.0683055555556
-14.7743333333333,-13.7854555555556
-14.3472083333333,-15.0013611111111
-15.46925,-13.825525
-14.092875,-13.5783888888889
-15.4649583333333,-12.4196638888889
-12.299625,-12.1698444444444
-11.816125,-11.8786777777778
-14.6523333333333,-11.3469361111111
-13.841625,-13.3928694444444
-14.1970833333333,-11.8614777777778
-12.0068333333333,-11.7763777777778
-13.4785416666667,-12.1646888888889
-11.9266666666667,-12.5527861111111
-14.1288333333333,-14.3339416666667
-15.7523333333333,-12.649525
0.814125000000008,39.8848944444444
-0.384708333333332,40.7283722222222
0.753125000000008,40.8431694444444
0.522000000000009,40.7065027777778
1.31808333333336,40.5822861111111
-0.189625000000007,40.0837388888889
-0.249333333333341,40.5592083333333
0.241458333333346,40.09565
0.339958333333339,40.0144444444444
0.304375000000006,40.2317611111111
-0.279791666666664,40.872725
0.00316666666667409,40.6938361111111
-0.126208333333357,40.6501777777778
1.29883333333333,41.1128694444444
0.789125000000004,40.9494222222222
0.839791666666683,41.4662027777778
0.717583333333325,41.0340472222222
-59.4507083333333,-72.3032444444444
-58.3257083333333,-72.1269611111111
-59.3286666666667,-71.9608694444444
-59.8645416666667,-72.4132055555556
-57.2802083333333,-72.5179972222222
-59.3159583333333,-72.7358305555556
-58.8474583333333,-72.5474666666667
-59.8080416666667,-72.3112972222222
-59.0675416666667,-71.9574138888889
-58.4310416666667,-72.0410972222222
-59.764,-72.4999861111111
-60.457375,-72.252875
-58.247875,-72.5017666666667
-59.663125,-72.4479666666667
-60.2513333333333,-72.2714
-59.9486666666667,-72.5681305555556
-81.921,-74.3312472222222
-82.4472083333333,-74.1213944444444
-82.049,-74.3574111111111
-82.2647916666667,-74.3285222222222
-82.3309583333333,-73.88815
-82.0179166666667,-74.0576027777778
-81.7178333333333,-74.05435
-82.2366666666667,-74.109475
-82.41625,-74.1531277777778
-82.8470833333333,-73.9624888888889
-82.75425,-74.0067
-82.0298333333333,-74.2244861111111
-82.5015416666667,-74.0249777777778
-82.697375,-73.9725
-82.5267916666667,-74.359875
-81.7595416666667,-74.0639861111111
-81.3421666666667,-74.1541166666667
-81.5788333333333,-74.3580111111111
-82.452375,-74.1500861111111
-81.8333333333333,-74.3326583333333
-82.5744583333333,-74.0167805555556
-82.8795,-74.1254444444444
-82.2694166666667,-74.2316083333333
-86.758375,-76.0305444444444
-86.6819583333333,-75.5520111111111
-85.694,-75.835375
-86.1944583333333,-76.2336166666667
-85.744625,-75.99505
-85.652625,-75.9956777777778
-86.0407083333333,-75.8581666666667
-85.1987083333333,-75.8085138888889
-84.47675,-75.9084666666667
-84.3905416666667,-75.7186055555556
-86.0063333333333,-75.8443888888889
-86.096625,-75.7256611111111
-86.8523333333333,-75.6645833333333
-86.36,-75.7999166666667
-85.8194166666667,-75.7505611111111
-114.721125,-76.93575
-114.086375,-77.0329833333333
-113.282208333333,-77.0226
-114.092375,-76.7637166666667
-114.70025,-76.9497666666667
-113.310916666667,-77.0460583333333
-113.990791666667,-76.9981527777778
-114.660916666667,-77.1754361111111
-113.575583333333,-76.8973083333333
-113.148583333333,-77.2071138888889
-114.80825,-77.1328194444444
-112.860708333333,-77.0987611111111
-112.845416666667,-76.9736777777778
-113.693958333333,-76.7050722222222
-113.966375,-76.8710694444444
-114.523458333333,-76.9208277777778
-114.219083333333,-76.9662888888889
-115.276041666667,-76.973525
-113.691541666667,-77.3551833333333
-112.856083333333,-76.8604333333333
-114.171458333333,-76.803
-4.35954166666669,35.5676194444444
-4.17575000000001,35.3785722222222
-4.88829166666668,35.3003444444444
-3.78804166666669,34.7819805555556
-4.45383333333335,34.9111833333333
-4.58304166666667,35.2376666666667
-4.33875000000001,35.2500277777778
-4.035875,34.5788555555556
-4.43433333333334,34.9816527777778
-3.74004166666666,35.829375
-3.97050000000002,35.6740833333333
-2.93933333333332,34.917925
-2.78387499999998,35.0449305555556
-4.15558333333333,35.2172333333333
-3.66479166666667,35.3775222222222
-3.554125,35.8946888888889
-3.86745833333333,35.5735361111111
-3.43870833333333,34.7959944444444
-4.08454166666667,10.9984416666667
-6.83258333333334,9.42194722222222
-8.17933333333333,10.9697138888889
-8.25029166666667,11.4982694444444
-5.48654166666666,10.7673
-7.75962499999999,14.071475
-7.78691666666666,11.1405277777778
-6.77162500000001,9.76092222222222
-4.11483333333334,8.27036944444444
-8.85475,9.25627777777778
-9.40283333333332,7.45405555555556
-9.04095833333335,6.94051666666667
-11.0784583333333,8.53771944444444
-6.51479166666666,12.7381416666667
-7.08374999999998,6.53576388888889
-8.21770833333336,9.75931388888889
-6.57545833333333,6.65125277777778
-5.65429166666666,10.8838972222222
-5.82620833333334,6.74396388888889
-2.84716666666665,10.5246111111111
-7.21704166666666,8.75463888888889
-10.9053333333333,10.546175
-7.098625,10.6028666666667
-5.840125,9.32083055555556
-7.95741666666667,8.18686111111111
-10.9990416666667,-0.113588888888889
-10.9130416666667,0.0238222222222222
-11.057375,0.024425
-10.9417083333333,-0.493125
-10.7843333333333,-0.0596916666666667
-10.816875,-0.154025
-10.9445,-0.343241666666667
-10.844875,-0.0927805555555555
-10.9027083333333,-0.0328083333333333
-10.5835416666667,-0.121269444444444
-10.8785,-0.0863638888888889
-10.68575,-0.203269444444444
-10.7436666666667,0.189838888888889
-11.14725,-0.0238166666666667
-10.5375,-0.0544333333333333
-10.6615833333333,-0.0117805555555556
-10.7168333333333,0.102169444444444
-10.8260833333333,-0.0206111111111111
-10.9810416666666,0.228438888888889
-10.6065,0.0387555555555556
-10.9115416666667,-0.164722222222222
-10.6285833333333,-0.0360305555555556
-10.9665833333333,-0.470213888888889
-10.847625,-0.102672222222222
-10.8874166666667,-0.0954138888888889
-10.8777083333333,0.104933333333333
-10.7734166666667,0.0983083333333333
-11.0173333333333,-0.357983333333333
-10.9039166666666,-0.0877666666666667
-10.8135833333333,-0.133172222222222
-12.2867083333333,0.690444444444444
-12.3268333333333,0.65985
-12.30425,0.691427777777778
-12.28625,0.674108333333333
-12.3703333333333,0.759372222222222
-12.3192916666667,0.656669444444444
-12.3359583333334,0.769341666666667
-12.3107083333333,0.7318
-12.2611666666667,0.737833333333333
-12.2925416666667,0.752955555555556
-12.3590416666667,0.764413888888889
-12.3222916666667,0.734225
-12.3414583333333,0.737491666666667
-12.3023333333334,0.748975
-13.3314583333333,-2.68566944444444
-13.3205833333333,-2.63447777777778
-13.30225,-2.60730555555556
-13.319125,-2.66001666666667
-13.340125,-2.64230833333333
-13.32225,-2.60594166666667
-13.2847083333334,-2.63178333333333
-13.3484583333333,-2.63202777777778
-7.63558333333335,42.7475111111111
-8.45537500000001,42.8097444444444
-7.55650000000001,43.2107666666667
-7.39624999999999,43.0349666666667
-8.54841666666668,42.5708916666667
-7.58916666666668,43.1476833333333
-8.05858333333335,42.9468722222222
-8.06520833333336,42.9720777777778
-7.46354166666666,43.139825
126.135541666667,71.8302
126.4325,71.3351055555556
126.017416666667,71.5139277777778
128.99125,71.7377722222222
125.639375,72.6847055555556
128.736708333333,73.15405
127.618791666667,71.8825583333333
127.606333333333,72.4406888888889
126.106416666667,71.6241972222222
128.192083333333,70.8548972222222
128.697333333333,72.1365861111111
126.52925,70.8638666666667
128.042583333333,72.2543611111111
-18.7865416666667,-36.0255694444444
-18.7975416666667,-35.9475722222222
-18.8111666666667,-36.0552805555556
-18.7607083333333,-35.9686833333333
-18.7445833333333,-35.9410333333333
-18.811375,-35.9893888888889
-18.7939583333333,-36.0509388888889
-18.7761666666667,-35.9576694444444
-18.7575833333333,-35.9682444444444
-18.88575,-35.9575416666667
-18.756375,-36.0353111111111
-18.8620416666667,-36.0361166666667
-18.7744166666667,-36.0034472222222
-19.6313333333333,-27.5780694444444
-19.2909583333334,-27.9867
-19.63025,-27.9088583333333
-19.4479583333333,-27.9843444444444
-19.5493333333333,-27.9224361111111
-19.602625,-27.7091638888889
-19.4657916666667,-27.7387805555556
-19.6834583333333,-27.7671583333333
-19.73675,-27.8519416666667
-19.6295,-27.8335638888889
-19.7087083333333,-27.8119027777778
-19.300375,-27.6531527777778
-171.117083333333,-57.0397333333333
-167.351916666667,-58.5101833333333
-175.043291666667,-56.7501694444444
-169.737833333333,-57.1309611111111
-167.136625,-54.602575
-176.847041666667,-56.4676055555556
-172.500291666667,-55.8918138888889
-174.514541666667,-56.2829666666667
-168.583666666667,-53.7494083333333
-162.8385,-60.33825
-171.294208333333,-57.7872555555556
-177.205541666667,-55.9032611111111
-170.551333333333,-58.3105111111111
-169.673958333333,-59.4218305555556
-181.477291666667,-58.1542083333333
-168.99275,-61.0913555555556
-176.324208333333,-60.0679555555556
-173.9365,-59.0818277777778
-172.630041666667,-62.3845861111111
-167.038791666667,-56.5069916666667
-166.976416666667,-57.5938111111111
-169.882375,-56.1934388888889
-173.468125,-55.1935027777778
-178.267833333333,-55.9097416666667
-170.685833333333,-57.1913694444444
-178.041666666667,-59.1666333333333
-176.170375,-56.8461472222222
-175.223791666667,-58.5463527777778
-170.167125,-58.0422222222222
-170.642166666667,-57.0210944444444
-171.425458333333,-59.9038888888889
-173.6685,-52.761975
-180.278125000001,-55.9596805555556
-162.383666666667,-58.3462277777778
-175.929,-54.4967722222222
-170.476333333333,-56.8393361111111
-176.15025,-57.1351333333333
-162.280208333333,-58.6458861111111
-177.389208333333,-57.9914861111111
-174.880625,-54.423075
-165.874541666667,-58.4254277777778
-163.64975,-57.0157861111111
-162.45275,-57.2225638888889
-171.690208333333,-58.4088666666667
-175.923833333333,-54.5987527777778
-171.756083333333,-56.8581555555556
-169.542916666667,-56.0533527777778
-164.4595,-60.3040777777778
-178.543583333333,-56.0905472222222
-166.441958333333,-59.5752111111111
-178.842416666667,-60.6455722222222
-167.587541666667,-60.8583916666667
-160.315583333333,-57.8080611111111
-172.916291666667,-58.9411916666667
-168.787666666667,-61.5672222222222
-168.296625,-58.945875
-172.255166666667,-52.9969527777778
-176.473666666667,-54.3072472222222
-172.267083333333,-56.01855
-167.217166666667,-62.1446722222222
-175.692708333333,-55.3295166666667
-168.556708333333,-53.0927
-169.53225,-55.4203666666667
-176.004833333333,-58.4060666666667
-175.983333333333,-60.0460055555556
-169.480208333333,-58.9237944444444
-171.923916666667,-57.2971
-167.129583333333,-57.202925
-170.255541666667,-56.1299666666667
-171.679916666667,-56.7108027777778
-175.160125,-60.0792277777778
-178.98925,-54.3665888888889
-170.32575,-57.6259388888889
-167.904791666667,-54.2897416666667
-163.54025,-56.0159972222222
-169.698916666667,-59.4486611111111
-170.732666666667,-58.5197416666667
-163.77925,-56.1537611111111
-169.74175,-56.2633583333333
-176.639583333333,-61.7378666666667
-170.090166666667,-56.0252333333333
-172.859166666667,-55.7792333333333
-177.37775,-55.5576222222222
-168.670833333333,-62.4965555555556
-169.359958333333,-55.4367305555555
-172.067541666667,-53.8713888888889
-169.603833333333,-58.9072138888889
-168.094416666667,-55.5602472222222
-169.988458333333,-56.9107444444444
-168.064458333333,-58.1842
-166.84275,-56.3131527777778
-171.884208333333,-57.8638805555556
-168.320291666667,-59.2079388888889
-170.844916666667,-57.0522972222222
-168.422958333333,-58.7551055555556
-179.951583333333,-58.0588611111111
-167.163916666667,-55.1700444444444
-172.301583333333,-57.3987222222222
-172.340458333333,-53.250375
-171.727791666667,-55.6575944444444
-173.294125,-52.569275
-170.041583333333,-55.2665277777778
-172.917458333333,-57.1772388888889
-171.65575,-56.9257416666667
-173.222958333333,-53.2973138888889
-168.334458333333,-54.9347416666667
-167.698333333333,-57.9562666666667
-169.631333333333,-59.7615222222222
-166.93175,-57.9103583333333
-170.888416666667,-58.5987388888889
-171.631375,-54.7217194444444
-169.785,-58.0365027777778
-179.317,-58.4574361111111
-173.604541666667,-57.1396805555556
-171.114041666667,-57.401175
-178.91275,-58.4447583333333
-172.472208333333,-57.8523805555556
-172.514166666667,-52.9507833333333
-170.30875,-59.6201333333333
-170.652583333333,-56.5939638888889
-171.29925,-57.2342611111111
-171.821125,-56.5739638888889
-168.828083333333,-59.9778444444444
-162.974125,-60.0444472222222
-168.444291666667,-62.7604611111111
-164.058791666667,-61.3576361111111
-165.164708333333,-57.8942777777778
-154.641,-64.3754555555555
-156.522416666667,-61.0222277777778
-169.158958333333,-57.5576527777778
-161.896208333333,-61.1164055555556
-166.929583333333,-60.1990944444444
-151.380833333333,-60.1735472222222
-162.817625,-64.5405944444444
-158.644375,-61.7345055555556
-160.874,-62.5728305555556
-164.146125,-63.604625
-160.965875,-61.7174222222222
-155.11575,-61.5622472222222
-160.34775,-61.6072916666667
-164.875333333333,-62.8375611111111
-154.42575,-62.3822222222222
-161.710583333333,-61.12735
-162.975791666667,-56.8102833333333
-159.141708333333,-59.2379027777778
-159.742791666667,-60.8102555555555
-160.653333333333,-58.2858972222222
-159.489583333333,-61.7640888888889
-157.974291666667,-58.3434972222222
-159.777666666667,-61.4820638888889
-164.843041666667,-60.3991555555556
-164.506791666667,-64.246175
-162.428708333333,-64.3917833333333
-162.612666666667,-64.2703388888889
-163.66775,-64.4278833333333
-163.227875,-64.2915222222222
-163.582291666667,-64.3359027777778
-163.503958333333,-64.5179305555556
-164.086666666667,-64.545725
-162.637958333333,-64.8846055555556
-163.380375,-64.4662055555556
-162.596541666667,-63.8629861111111
-163.214666666667,-64.26835
-162.309,-64.0079194444444
-162.230208333333,-64.1376916666667
-162.312833333333,-64.6037694444444
-163.388333333333,-64.3437361111111
-163.092708333333,-64.47615
-163.5285,-64.3253361111111
-163.760833333333,-64.036625
177.907,-46.7389333333333
178.120083333333,-46.265925
178.086083333333,-46.3159138888889
177.819958333333,-46.4331138888889
178.376666666667,-46.6491444444444
177.991,-46.3911027777778
178.306333333333,-46.6236777777778
177.845916666667,-46.4365194444444
178.191458333333,-46.4205055555556
178.026458333333,-46.4264472222222
178.036958333333,-46.498475
177.820166666667,-46.4812416666667
178.020666666667,-46.4378916666667
177.83575,-46.6427972222222
177.775,-46.4468166666667
-178.421375,-44.2551416666667
-178.624875,-44.2905916666667
-178.390166666667,-44.4162861111111
-178.379625,-44.5264305555556
-178.39975,-44.4943833333333
-178.372916666667,-44.3386861111111
-178.542416666667,-44.5162388888889
-178.177333333333,-44.4165055555556
-178.238291666667,-44.2577611111111
-178.31075,-44.4620694444444
-178.479041666667,-44.3567777777778
-178.252125,-44.1930194444444
-178.349291666667,-44.3654472222222
-178.109166666667,-44.3078972222222
-178.652125,-44.2330805555556
179.049958333333,-38.6574777777778
179.384541666667,-38.3666083333333
179.246583333333,-38.2178277777778
179.414041666667,-38.6257472222222
179.44,-38.4995694444444
179.272,-38.5359055555556
179.09825,-38.3692194444444
179.260416666667,-38.4848194444444
179.088416666667,-38.4522583333333
-179.46325,-33.2528888888889
-179.745166666667,-33.3583333333333
-179.909208333333,-33.1492305555556
-179.490833333333,-33.2552916666667
-179.825375,-33.2767166666667
-179.84825,-33.2039166666667
-179.517458333333,-33.1167833333333
-179.771083333333,-33.2592083333333
-179.762875,-33.3302527777778
-180.030916666667,-33.3862416666667
177.105541666667,-25.4456166666667
176.852916666667,-25.4655972222222
177.067833333333,-25.4154138888889
177.093,-25.395275
177.124833333333,-25.4303777777778
176.97975,-25.4652194444444
176.9825,-25.5800138888889
176.909833333333,-25.3788638888889
173.028291666667,-24.2211972222222
172.885416666667,-24.2322166666667
173.219708333333,-24.1921777777778
173.199291666667,-24.1253444444444
173.26025,-24.3690611111111
173.013541666667,-24.3435555555556
173.3405,-24.2696527777778
172.893125,-24.277525
173.043583333333,-24.3312361111111
173.052708333333,-24.2698583333333
172.936666666667,-24.1254166666667
172.087083333333,4.0631
164.383458333333,7.05851666666667
161.453458333333,-0.195308333333333
166.156791666667,1.89449444444444
162.52,1.70224166666667
164.192458333333,3.91290555555556
168.939,7.98571388888889
160.645125,6.64589722222222
166.224416666667,3.98951944444444
163.491416666667,5.556075
165.271125,8.23238055555556
171.336083333333,6.95468611111111
171.307583333333,12.6026027777778
164.082125,6.19904166666667
160.52425,1.68961111111111
161.314666666667,5.73465833333333
159.897958333333,4.88452222222222
164.123333333333,2.69665
160.295041666667,13.5052194444444
167.287291666667,13.4919638888889
155.536666666667,3.30978055555556
172.263208333333,1.94943055555556
163.899541666667,2.71915
164.681916666667,7.53824166666667
158.968333333333,7.51853055555556
166.886791666667,3.21481666666667
163.344916666667,8.33449722222222
161.371833333333,7.87145555555556
164.341375,12.1252361111111
162.427041666667,10.6939694444444
159.553458333333,5.04825833333333
155.795333333333,4.11199722222222
164.739625,5.78206388888889
163.127541666667,-0.662827777777778
164.75725,6.4719
171.487916666667,0.0311472222222222
163.7005,6.68533888888889
162.681125,0.275875
169.517666666667,13.9618055555556
159.955083333333,-0.530175
166.757333333333,2.31059722222222
162.21225,0.174619444444444
172.138333333333,-16.9080416666667
171.935333333333,-13.9683777777778
172.515041666667,-12.4473361111111
170.65875,-9.22071388888889
173.615,-12.38165
174.6975,-11.5925944444444
173.867958333333,-13.3832638888889
169.976791666667,-13.3066083333333
174.819583333333,-15.6201972222222
175.059458333333,-16.014925
173.273,-14.8714888888889
171.738375,-12.7252666666667
175.163958333333,-13.5050083333333
173.625,-12.6205611111111
175.088875,-10.4119555555556
173.047333333333,-10.7951944444444
174.750166666667,-14.7518888888889
175.291666666667,-13.0091638888889
172.369416666667,-6.79583888888889
172.581208333333,-13.5149805555556
175.158666666667,-13.3240305555556
172.111458333333,-17.6678333333333
174.179041666667,-14.3168722222222
171.222583333333,-19.5170583333333
175.3905,-12.0674055555556
173.723375,-9.4763
170.426791666667,-10.5518777777778
176.008583333333,-12.6164083333333
176.584958333333,-13.021325
175.099958333333,-13.0081361111111
173.904,-9.34920833333333
175.933083333333,-13.2467888888889
175.41325,-15.5239972222222
171.50125,-18.335125
169.510833333333,-14.2237194444444
175.819666666667,-17.8097972222222
169.857958333333,-14.7671666666667
171.743625,0.567922222222222
172.097708333333,-0.608419444444444
169.847125,0.644455555555556
168.535416666667,-2.83753888888889
172.531541666667,2.01701388888889
173.295291666667,0.426011111111111
171.406125,-0.00727222222222222
171.431458333333,0.265238888888889
173.316625,1.77829166666667
170.78325,-0.0460777777777778
169.365875,-0.936
173.147458333333,-2.32949166666667
170.583541666667,-0.381172222222222
171.8585,1.69338055555556
171.845791666667,0.762541666666667
168.472291666667,0.0594833333333333
172.063666666667,-0.412266666666667
169.514041666667,-2.19631388888889
172.371833333333,3.00851944444444
169.76325,-2.29863888888889
173.667,-1.83075833333333
170.165041666667,0.538147222222222
172.865791666667,-2.01853888888889
171.844458333333,0.973061111111111
171.9155,-1.184275
171.104,-2.87433333333333
174.428625,0.240047222222222
174.035541666667,-0.212788888888889
173.856166666667,0.211344444444444
173.545458333333,-0.950488888888889
170.73975,-2.33793055555556
172.019958333333,-1.45606944444444
169.764125,-2.50537777777778
169.929791666667,-2.81481388888889
172.501041666667,0.813216666666667
170.972375,1.18961944444444
169.246583333333,-2.10941388888889
167.545875,-5.14300833333333
165.056625,-5.93078055555556
168.329458333333,-3.92727222222222
167.58525,-4.48832777777778
166.438666666667,-4.046675
167.518458333333,-3.50093611111111
169.890458333333,-7.89166388888889
167.693083333333,-4.28404166666667
166.214333333333,-7.84676944444444
168.953458333333,-6.67047222222222
168.715625,-4.05063333333333
166.78325,-5.92981111111111
166.902916666667,-4.07952222222222
167.914416666667,-7.47059166666667
168.104208333333,-6.43820833333333
168.402541666667,-5.25786666666667
168.82175,-7.60180833333333
168.633875,-6.32788611111111
166.891583333333,-7.83318888888889
167.090458333333,-4.79654444444444
167.334541666667,-7.58947222222222
173.250083333333,4.22116388888889
173.458416666667,4.01303333333333
173.876958333333,3.39000833333333
179.469375,3.58041944444444
172.697416666667,3.37893888888889
172.562458333333,3.73911944444444
174.431708333333,4.22035555555556
173.896333333333,4.77814444444444
173.797208333333,4.28408055555556
174.395916666667,4.39293055555556
173.828666666667,4.34562222222222
174.049458333333,2.49374444444444
173.846458333333,5.11737222222222
173.843916666667,4.00944444444444
173.69175,4.11258888888889
173.635375,5.03444722222222
173.886583333333,4.70506666666667
172.24225,5.80161944444444
172.237958333333,5.72823055555556
174.028833333333,4.55829444444444
173.601041666667,4.34504722222222
173.963583333333,4.47197777777778
173.826375,4.14368611111111
172.64325,4.88476666666667
174.837875,4.69685833333333
173.856041666667,4.34356388888889
173.927166666667,4.60573333333333
174.225625,5.0793
174.060291666667,4.55225277777778
172.394791666667,4.03106388888889
173.226958333333,6.16549722222222
174.220375,3.87041666666667
171.582083333333,4.42343888888889
175.281041666667,4.60631388888889
173.98975,4.26118055555556
173.84,4.16591666666667
173.988125,4.83749722222222
173.876833333333,5.47172777777778
174.7645,5.47784722222222
173.795166666667,4.14907777777778
173.280083333333,2.87481388888889
173.892083333333,4.94684722222222
174.022291666667,-0.169986111111111
173.721,-0.706877777777778
174.187416666667,-0.419272222222222
173.936,-0.247025
173.829083333333,-0.448513888888889
173.913083333333,-0.512805555555556
173.693083333333,-0.792963888888889
173.885791666667,-0.490758333333333
174.025,-0.595994444444444
173.599666666667,-0.446869444444444
173.73075,-0.357266666666667
173.666208333333,0.117483333333333
173.892458333333,-0.728441666666667
173.349875,-0.359188888888889
173.751041666667,-0.350713888888889
166.93675,10.6914388888889
167.069333333333,10.3205916666667
166.903666666667,10.6432638888889
167.236791666667,10.3452083333333
167.0945,10.5347416666667
167.000833333333,10.3364527777778
166.825583333333,10.47035
167.137666666667,10.4859444444444
168.359541666667,9.35731111111111
168.294541666667,9.35156388888889
168.347625,9.49886388888889
168.37925,9.46714722222222
168.402041666667,9.50929166666667
168.350875,9.53303611111111
168.452166666667,9.35010555555555
168.366375,9.54043055555556
168.367833333333,9.36723333333333
168.372208333333,9.42450277777778
168.353375,9.50470833333333
160.533375,32.0493277777778
160.564375,31.9442194444444
161.006416666667,32.46525
160.046,32.4898
160.241583333333,32.33405
160.383416666667,32.2711416666667
160.2095,31.9219222222222
160.874833333333,32.2696833333333
159.902958333333,32.2793888888889
135.271875,66.6554777777778
135.401833333333,66.5947333333333
135.743916666667,66.6826527777778
135.143916666667,66.5052277777778
135.424541666667,66.5959888888889
135.012875,66.6272416666667
135.345708333333,66.7145777777778
135.726833333333,66.4715555555556
135.319,66.8273694444444
134.81725,66.6795888888889
135.191833333333,66.5882
135.420333333333,66.6678166666667
125.382166666667,67.9866583333333
125.792875,67.9784694444444
126.089708333333,67.8422527777778
126.237916666667,67.7860444444444
126.273208333333,68.0154944444444
125.988291666667,67.9169638888889
126.108708333333,67.89285
126.256416666667,67.6311722222222
148.794833333333,53.37235
149.136791666667,53.4523611111111
149.039916666667,53.1671194444444
149.001208333333,53.2012055555556
149.049125,53.3395833333333
149.063166666667,53.2969777777778
149.103083333333,53.3195111111111
148.776083333333,53.3138333333333
148.898458333333,53.1730111111111
149.003916666667,53.2468027777778
149.03325,53.2402333333333
149.077333333333,53.3715555555556
149.305708333333,53.2498083333333
149.19975,53.2757027777778
149.238583333333,53.1959888888889
148.98925,53.4032972222222
149.234166666667,53.4409111111111
142.084083333333,57.9580666666667
142.115875,57.9048666666667
141.969958333333,57.9749861111111
142.050083333333,57.9726361111111
142.131791666667,58.0698138888889
142.157,57.9497361111111
142.019875,57.9698666666667
142.14025,57.9687555555556
141.9665,58.0184388888889
-37.798,5.18887222222222
11.4773333333333,21.1704305555556
50.7058333333333,40.4661638888889
-11.681625,-22.1413611111111
22.279125,-4.79633333333333
150.481791666667,-2.64324166666667
71.9077083333333,51.1243638888889
-156.679166666667,-27.1994805555556
-113.613875,-66.9631666666667
-164.3365,-14.1886972222222
-68.0125,-80.7923972222222
100.339666666667,35.2819722222222
-22.418625,40.6714666666667
41.9149583333333,-48.0284416666667
149.3155,35.2933055555556
117.274333333333,-15.3060055555556
20.5282916666667,-18.0784
124.219291666667,-5.13870555555556
-41.2982083333333,39.8431055555556
151.722666666667,-60.3330694444444
-146.292125,-28.3128527777778
-124.340166666667,39.9352861111111
81.1745416666667,43.4393638888889
168.390083333333,-53.157825
62.692,3.34002777777778
-57.3521666666667,-8.0921
7.23087499999999,18.3085138888889
-114.130333333333,9.67815
-79.6845,-21.8994083333333
-56.0176666666667,54.3206916666667
11.0143333333333,11.6440611111111
140.335583333333,-5.22160277777778
-169.726083333333,20.3708194444444
-146.317333333333,32.4073333333333
106.881291666667,-55.145325
110.772916666667,22.2402666666667
66.2771666666667,-43.0683194444444
20.6039583333333,34.1103472222222
66.93125,22.8988583333333
-21.4975,-22.8505888888889
-171.201125,-35.1397888888889
-4.91866666666668,-33.3589805555556
86.2020416666667,6.00682777777778
48.3425416666667,-49.1873361111111
-46.5955,-46.4964444444444
104.091583333333,-7.774425
29.1411666666667,54.7243777777778
21.684375,-16.9784277777778
85.3352916666667,6.14459166666667
-166.814458333333,-40.8194138888889
-32.9257916666667,-23.2573583333333
-12.226125,50.1428944444444
-93.1332083333333,-4.71804444444444
27.6529583333333,44.5714333333333
82.4325833333334,-70.2961611111111
-6.96404166666666,34.5979833333333
32.480875,-30.5701916666667
-62.5109583333333,-20.8137277777778
56.106,-59.6052
20.2665833333333,19.9379138888889
178.066083333333,-16.2374305555556
-96.9945416666667,60.3940722222222
-38.1581666666667,-6.51403888888889
16.0064166666667,35.6871444444444
145.184416666667,9.06555555555556
36.7114583333333,-14.1170722222222
53.3585,-43.8636527777778
-159.223333333333,-34.6504388888889
-119.29075,-27.318725
-133.051333333333,-36.8052722222222
-47.2599166666667,-25.5735361111111
-115.145958333333,-22.3705444444444
-164.300291666667,21.9632888888889
136.896291666667,-34.1042611111111
-0.997083333333331,-17.3033083333333
-5.06470833333332,16.0747694444444
-100.731916666667,-33.0565555555556
-156.883458333333,-16.4042805555556
4.05600000000001,37.0551583333333
50.6696666666667,41.4455305555555
95.114875,7.52783055555556
167.440916666667,4.68551111111111
-140.247166666667,50.1279666666667
154.412,-13.3580916666667
-4.28375,3.86325277777778
-122.321041666667,-63.8214222222222
-176.231791666667,-13.0181472222222
-42.14525,0.557558333333333
-105.16325,-39.2559777777778
175.6365,-68.7193444444444
-158.493625,42.2983277777778
-2.93933333333332,-31.2573583333333
-152.0425,-52.263175
-114.219958333333,-35.5005
-97.9232083333333,-59.4730527777778
149.563541666667,-43.1090833333333
-126.405708333333,77.7840333333333
-29.2352916666667,-29.3685444444444
-161.432083333333,-52.2246972222222
-48.242,-10.8798305555556
-177.215125,6.49388888888889
46.4371666666667,-6.47945555555556
137.812875,-28.5179222222222
-11.757625,-5.42997777777778
86.0359583333333,42.8732472222222
160.346458333333,21.8684861111111
177.714875,22.0283444444444
171.365708333333,-2.96849444444444
-70.6325833333333,9.45557777777778
34.6119166666667,3.19019722222222
29.2705,5.19506666666667
130.881791666667,-75.6288972222222
-127.014375,78.8061333333333
101.15875,17.1954027777778
-160.519833333333,-38.6032527777778
-63.8737083333333,-36.9918555555556
69.0475833333333,10.7765
58.9476666666666,24.4480611111111
-88.4564166666667,-6.93114166666667
170.836041666667,15.5894722222222
-175.366541666667,-28.0312777777778
-173.905291666667,-43.8469222222222
-33.6938333333333,-42.3948888888889
-87.0170833333333,67.2093166666667
13.5255,-55.1028555555556
152.757791666667,-58.7361111111111
102.238625,-31.8194305555556
-129.218,3.07230833333333
173.307875,12.4114805555556
-172.094458333333,-26.3850222222222
22.7814583333333,39.5538583333333
-124.838541666667,-11.2037833333333
-16.7338333333333,-47.910175
165.188916666667,-60.1730222222222
-174.93925,-22.7228361111111
-28.845125,23.2468194444444
-116.065375,-23.7871277777778
-152.409875,-65.6369222222222
95.1850833333333,-71.6350888888889
157.9345,-8.30203611111111
-35.0816666666666,-52.1208
148.952416666667,47.1205694444444
60.051625,56.2170055555556
145.787291666667,-5.71481111111111
161.619666666667,10.3559222222222
-126.489041666667,8.19084166666667
90.3128333333333,56.0396138888889
26.0224166666667,31.6267722222222
-120.257791666667,-77.1326333333333
133.779291666667,-60.3006222222222
137.595333333333,-13.3764888888889
-173.080583333333,-0.351522222222222
157.498791666667,-33.04045
74.577,-5.94426388888889
70.60975,-2.09600833333333
-82.5398333333333,-65.7022583333333
28.4600416666667,31.3230138888889
142.357666666667,-54.5293555555556
15.5702916666667,49.9628361111111
-80.4685416666667,51.3884944444444
88.3524583333333,25.7828138888889
140.272458333333,75.4804611111111
170.341166666667,29.0763388888889
105.222416666667,-33.4212416666667
126.535625,74.5635527777778
101.047541666667,-3.32794166666667
-150.589,-35.5463194444444
-56.2850416666667,35.7141833333333
107.115083333333,-48.01115
39.479375,39.9161111111111
77.318625,36.7645222222222
-150.044166666667,47.4939722222222
-73.2260833333333,-15.5032722222222
58.1467916666667,16.0636111111111
121.750916666667,-18.7652777777778
112.628833333333,-20.9147777777778
-132.749416666667,-27.9107694444444
113.559166666667,1.83495833333333
98.2012916666667,78.0438111111111
86.110875,16.8520694444444
8.819625,12.7628277777778
-61.215,7.69928333333333
-114.473083333333,-8.35422777777778
119.301333333333,42.7246666666667
-166.492583333333,50.3178
175.049,19.37185
75.8334166666667,6.79838333333333
57.0782083333334,-35.9294833333333
48.1257916666667,-26.1835472222222
-156.1395,-76.1156222222222
102.254416666667,-9.761525
-151.496291666667,17.6938555555556
-13.2094166666667,17.7239888888889
-77.927375,16.0049333333333
1.32558333333334,40.5465805555556
0.757916666666683,-7.8359
33.0057083333333,-14.82445
68.036875,-52.3118527777778
106.223083333333,-30.438175
157.009458333333,-2.68544444444444
151.937875,0.0756722222222222
-21.6385,-8.82061944444444
10.5728333333333,-47.6200972222222
-35.7689583333333,68.0486361111111
86.331375,69.9773194444444
23.119625,-62.389875
-96.4345,34.7917388888889
-109.053666666667,22.5434138888889
-21.3564583333333,37.7538388888889
113.414458333333,35.8869222222222
60.517625,-27.8387694444444
-25.325625,17.6068333333333
-139.969791666667,-19.0001388888889
-116.743416666667,-16.1542861111111
-135.955416666667,16.7114027777778
-139.586875,-14.5117472222222
-60.1517083333333,-28.0716555555556
-1.30433333333333,18.7047722222222
20.7104583333333,-72.0819388888889
93.1135416666667,24.5809027777778
-96.2811666666667,-66.7256777777778
-17.0231666666667,-27.0020416666667
20.5180416666667,29.3389361111111
-77.957,-31.1913472222222
171.621583333333,0.521636111111111
-79.5454583333333,-7.09866666666667
111.05475,-21.1349583333333
156.882,66.6323138888889
142.657458333333,-53.0756194444444
-86.692,14.5357611111111
98.711875,16.549175
161.756166666667,-54.8926638888889
-157.359875,29.373575
-104.780083333333,-5.87534166666667
-173.7535,-68.5760444444444
102.029833333333,-41.2073027777778
94.0053333333333,-60.7979583333333
158.952708333333,17.1234
160.913208333333,-0.493013888888889
-75.9142083333333,-5.311425
107.859291666667,16.3873166666667
131.331,58.0763361111111
74.1315833333334,-29.9969305555556
14.004375,83.8013555555555
97.062625,17.9600694444444
-156.44075,-52.5396722222222
12.4617083333333,17.4388138888889
-4.24854166666665,4.86244444444444
-48.5298333333333,-49.265475
169.631958333333,-2.404725
31.1392916666667,10.1773416666667
95.0677083333333,-44.6115861111111
-4.22237499999999,40.6591305555556
-7.67583333333335,-47.2354722222222
57.4435,18.3612333333333
-4.25850000000001,4.07459166666667
161.640875,67.2869611111111
-33.5509583333333,-24.5979027777778
33.06125,0.323366666666667
71.014625,18.4911972222222
-3.76145833333336,-38.4016694444444
158.649375,-35.4031694444444
19.0059166666667,24.0535138888889
-57.6701666666667,-72.6777861111111
16.179125,4.78377222222222
38.4565,-10.8830333333333
36.859,-58.0657111111111
167.356708333333,22.0117361111111
-10.1884583333333,-18.52305
93.4869166666667,-28.4400333333333
56.4128333333333,38.6963694444444
-22.6191666666667,45.4306861111111
-177.544083333333,20.9692388888889
155.978833333333,71.8024111111111
98.717875,9.12109166666667
35.8832916666667,-22.6943555555556
-21.712375,-37.9667777777778
63.7168333333334,1.87211111111111
-71.0355833333333,49.7131694444444
-176.201166666667,20.8283527777778
3.61866666666666,-60.1953055555555
-121.112416666667,8.47530277777778
132.940916666667,43.5212527777778
137.017291666667,-39.2622694444444
131.918666666667,-29.7456472222222
155.960166666667,-26.1107444444444
81.1804166666666,2.98685833333333
-67.7811666666667,-3.69755833333333
124.965125,79.0715833333333
114.68725,-63.2730083333333
-103.040833333333,46.6702805555555
-177.843625,9.63042777777778
17.7255416666667,-45.3963055555556
-2.27349999999999,60.2382111111111
-32.78025,0
109.710333333333,18.8844777777778
-4.85637500000001,11.2133333333333
-106.954583333333,8.22867222222222
61.482625,-64.9516166666667
47.2888333333333,20.2662444444444
50.0723333333333,-14.9662472222222
-116.640166666667,-43.5063305555556
169.698583333333,-17.6097277777778
-117.503708333333,-35.9619833333333
142.246375,-59.5147388888889
-152.957833333333,-18.4988888888889
-148.907208333333,-8.89670555555555
94.1770416666667,-19.1461388888889
-5.33995833333335,67.7249583333333
35.4014166666667,18.7993833333333
-146.658208333333,25.0058888888889
-121.318541666667,-33.0719888888889
101.949625,34.3824944444444
133.654625,-34.2319666666667
-137.45975,24.1452388888889
105.176458333333,-43.0065388888889
-41.6838333333333,26.9256361111111
-103.720458333333,-61.3165777777778
154.121,-8.91878611111111
172.043208333333,-64.3650194444444
-43.62725,-40.4119861111111
140.7475,83.557725
-98.841625,61.0713805555556
-122.029458333333,-20.4013416666667
-171.578875,-40.5142611111111
-171.3385,-16.6034805555556
53.4375,-46.5992138888889
92.4130833333333,45.9291888888889
-170.945208333333,68.3701694444444
-118.7265,28.5541888888889
-102.999666666667,28.1931666666667
138.471125,51.8387416666667
130.488333333333,-21.7274722222222
179.266166666667,-52.0070833333333
-87.562625,14.3550305555556
21.538375,-21.3200777777778
112.163916666667,-47.9104555555556
117.170625,44.8657138888889
-173.504375,-17.2299611111111
88.7462916666667,0.446636111111111
77.0139583333333,-6.63723611111111
-24.3524583333333,47.3488361111111
176.636416666667,-35.6528972222222
77.1247083333333,17.8911638888889
-108.550875,26.5219444444444
102.520708333333,34.1161944444444
-111.787916666667,29.5879472222222
98.0824583333333,72.1844055555556
149.81075,26.9431861111111
-31.0384166666667,-6.04231388888889
-127.066291666667,-53.5173055555556
46.9844583333333,-30.7653722222222
79.8875416666667,-5.34537222222222
-14.0643333333333,25.7005
-179.862041666667,-69.5753277777778
117.263583333333,62.0137888888889
-114.98675,29.4733722222222
-92.1500416666667,-12.421425
-146.337666666667,-14.3479222222222
-164.943333333333,8.96618333333333
-169.048958333333,49.5477111111111
86.248625,-7.29538333333333
-65.0268333333333,4.57718333333333
-69.9630416666667,74.4641722222222
-139.395916666667,3.90295
0.796875000000021,41.9833166666667
-111.337791666667,6.77188055555556
-129.49775,37.5273472222222
-158.521583333333,-53.696675
-160.990166666667,-69.5118916666667
-47.15375,52.172275
-63.0479583333333,7.26180833333333
117.908,15.23085
-1.68666666666669,7.71796111111111
78.1945416666667,23.0988027777778
7.91308333333334,-36.6318583333333
167.406375,-51.517175
-78.5235,-27.508425
109.425,53.9905055555556
-63.5501666666667,42.4894555555556
-134.78725,33.5370694444444
-81.201875,55.7628138888889
-67.4167083333333,47.2519305555556
19.794125,79.3062388888889
-167.520166666667,45.4074916666667
-137.896458333333,17.8437055555556
-84.11825,17.5297361111111
-107.837583333333,-9.89169722222222
-66.7463333333333,65.9828083333333
25.0152916666667,-34.5192666666667
98.164,-41.2209861111111
83.5994583333333,28.6772055555556
-83.62525,11.802975
-123.470291666667,7.87557222222222
146.440791666667,-7.6417
-21.1845416666667,76.2509305555556
35.660125,-12.0902055555556
-134.365041666667,36.0181027777778
70.7388333333333,-60.4674166666667
15.2489583333333,39.5261444444444
-90.886,-2.55977777777778
-161.194416666667,4.71491111111111
49.9195,-78.058
-122.964708333333,0
-46.7063333333333,6.49323611111111
35.818375,-41.2340555555556
128.541875,55.3386277777778
83.647875,-69.2761944444444
-30.5075833333333,56.8554305555556
-168.921416666667,19.6516333333333
-148.67625,31.2922027777778
-114.434291666667,-12.2733083333333
-76.9153333333333,-5.385125
166.665,27.3339777777778
-174.91025,57.0921972222222
-143.180625,21.394675
-145.406791666667,-25.1046805555556
87.9854583333334,-46.9710361111111
82.1545,5.48561388888889
-155.80125,-16.5300222222222
3.32087500000001,32.6948027777778
87.996375,-58.6000138888889
-124.810708333333,-25.103775
89.12925,-40.324725
-164.955333333333,-3.52961111111111
-0.662666666666665,-35.7809
63.692875,-77.1377166666667
-168.61925,20.0078888888889
94.722625,20.6960777777778
171.641083333333,-26.9242222222222
116.231958333333,-16.0447972222222
-32.590375,38.3277361111111
40.0185416666667,-37.398575
12.375125,39.0480833333333
-168.931291666667,36.2386666666667
87.8853333333333,38.3553333333333
-175.832375,36.6712861111111
161.947333333333,-15.3029416666667
146.6605,-6.88165833333333
-125.536291666667,-14.7082583333333
-102.280666666667,-36.2675972222222
-3.75466666666667,1.43180833333333
-19.4931666666667,28.7751055555556
-79.701625,35.9953194444444
-9.76758333333333,43.4179
135.493791666667,-43.983325
-97.1180416666667,-23.6770888888889
-10.0896666666667,16.6722833333333
-158.506083333333,-16.4877277777778
48.09575,16.4078833333333
140.645208333333,24.8554666666667
-175.150625,74.3139638888889
130.255958333333,64.5921277777778
49.2909166666667,33.8916111111111
12.2340416666667,-5.34100833333333
-90.5165833333333,44.0269583333333
179.373166666667,83.1427416666667
100.475875,-19.76635
-15.9454583333333,-1.25936666666667
19.3040833333333,16.6377
-123.611166666667,-40.5894694444444
-86.7370833333333,-31.8880055555556
149.502125,-21.1619916666667
-24.515625,-37.4515
-32.7787083333333,74.7107
-40.73475,-45.3963944444444
139.194416666667,-4.27228611111111
32.2650833333334,51.7176972222222
-127.19625,2.08123055555556
-121.167583333333,41.9921972222222
19.06975,-56.5150777777778
88.245,46.9799277777778
151.276416666667,19.3590333333333
-28.2917083333333,-33.7916972222222
-10.3250833333333,-32.1253583333333
34.290375,-24.2762388888889
-153.429666666667,-11.7243694444444
33.5346666666666,65.1486027777778
-105.042333333333,-58.6170333333333
-62.950875,-7.87946111111111
172.386,19.0924555555556
122.156041666667,-0.817655555555556
149.520791666667,-63.0991916666667
167.29675,19.5544722222222
-66.388875,-80.2417333333333
-48.8759166666667,48.8145111111111
-178.509,-11.480625
-33.0594166666667,71.3190388888889
49.6727083333333,85.8238444444444
39.0505,-5.27820277777778
-93.8394166666667,-70.3949055555556
48.9120833333333,40.7553083333333
3.58187499999999,73.9836611111111
-126.861666666667,-6.87659722222222
-45.3043333333333,26.3135
68.1137916666667,43.9827944444444
141.792791666667,-44.0275416666667
117.679125,15.9915361111111
25.1534583333333,-75.9880916666667
-127.166875,4.76103333333333
69.7440833333334,32.8176916666667
-12.572625,-53.1515277777778
112.867333333333,-19.4531444444444
-39.899125,-56.7941833333333
159.513,5.53769444444444
74.4086666666666,-34.6126138888889
-45.2971666666667,-28.5854
38.7418333333333,31.5494305555556
-45.0835,21.1130361111111
-9.85624999999999,56.2746
-103.06175,29.9269527777778
-134.895166666667,-70.3066555555556
-30.1218333333333,-23.8141277777778
-11.6641666666667,61.3314861111111
95.749125,51.2906944444444
-103.493875,53.7502916666667
-140.581,-70.2641694444444
-142.150333333333,37.6990055555556
13.2469166666667,14.597025
79.34725,60.111675
75.8005416666667,-32.0994972222222
150.730375,-18.69005
138.3245,3.01181944444444
0.400291666666668,-3.12315277777778
154.376583333333,79.6251527777778
143.546458333333,25.5723277777778
56.7800833333333,-61.3550666666667
-6.53816666666667,-24.2978277777778
108.473166666667,49.3942527777778
-117.456583333333,6.561775
149.210125,-9.47076388888889
-121.325208333333,-34.1090805555556
157.3145,-84.5755527777778
152.306166666667,-26.8867416666667
-76.1254166666667,-16.0120583333333
69.9334583333333,39.050375
73.3041666666667,-53.3559027777778
83.5775,-2.42182777777778
-31.0292083333333,15.4035194444444
86.3658333333334,-13.8642777777778
104.880375,73.0410916666667
120.853625,20.0458305555556
115.800333333333,-29.3967694444444
22.1529583333333,45.6491388888889
-11.6103333333333,26.5594361111111
107.607375,58.2806166666667
42.3814583333333,42.3418722222222
-144.367291666667,-35.9423972222222
-157.66825,-17.1298833333333
113.688916666667,-40.5789944444444
-82.9610833333333,20.4283722222222
-107.715666666667,-41.4955888888889
-60.2429166666667,13.1759
-17.0837916666667,65.0228666666667
-149.878583333333,-45.375025
-15.1897916666667,-34.2548916666667
66.7545,1.21370277777778
-58.82825,26.0595333333333
67.8257916666666,-2.80422777777778
167.677375,31.3987194444444
9.42504166666668,-45.4752472222222
59.0319583333333,-7.22999722222222
179.72475,82.8915222222222
-44.700375,77.3441111111111
-116.521333333333,10.2116194444444
54.6556666666667,57.3954833333333
146.698666666667,-50.7092138888889
153.063291666667,16.5327527777778
-131.167791666667,60.8690361111111
150.456791666667,10.2209305555556
-31.2655416666667,14.3888944444444
-146.612291666667,28.2428083333333
127.55075,-27.8438111111111
142.41125,-12.9551805555556
-92.0957083333333,25.0510111111111
-56.3397916666667,24.310975
41.1917916666667,-23.979525
44.22825,-39.1244277777778
152.330791666667,-37.3454638888889
-46.4169583333333,-7.67852777777778
-158.86475,42.5302861111111
119.394416666667,-15.374475
14.8382083333333,24.661175
-129.082416666667,14.1586444444444
-74.71225,-25.0421833333333
124.422375,-62.4741694444444
-61.5074166666667,-24.1725111111111
-179.080458333333,-33.430225
126.009208333333,-67.0698138888889
-59.5530416666667,83.8348972222222
51.7020416666667,39.0815638888889
44.0977916666667,11.6593555555556
114.389875,15.1595777777778
170.575875,2.51805555555556
-115.969833333333,31.1076555555556
-121.393166666667,12.2696388888889
-143.021791666667,31.7921444444444
115.204166666667,4.15836666666667
39.4126666666667,43.16105
-143.718625,-29.7141694444444
-92.4964583333333,-4.29064444444444
3.31108333333333,-83.6428805555556
60.1338333333333,12.9140555555556
-85.3110833333333,-48.9218222222222
123.783291666667,86.035525
-148.346166666667,-24.8134722222222
155.504416666667,44.32405
82.6982083333333,57.1018444444444
64.9109166666667,26.7932972222222
-87.801875,17.6216527777778
-59.9260416666667,-2.02304444444444
-163.406583333333,61.1016
57.976375,-1.15357222222222
149.432208333333,56.5064472222222
172.552541666667,18.2860166666667
173.843791666667,12.5074722222222
167.338125,24.1348277777778
-25.1758333333333,77.6825111111111
128.522458333333,-5.86506388888889
160.94675,5.16940833333333
139.160041666667,-65.2405083333333
103.752333333333,-49.6853111111111
-154.047666666667,-5.17844722222222
-6.80175,23.5665333333333
-8.59325,-35.7769055555556
-143.397458333333,-39.4053888888889
116.561458333333,-26.4398222222222
49.5744166666667,5.378925
24.0642916666667,-21.0042666666667
-107.776541666667,28.0450472222222
-173.638875,-7.87933611111111
152.7275,-28.5257527777778
169.405625,37.0151777777778
18.889,8.19939722222222
164.738583333333,-21.7372805555556
-178.249833333333,-1.45805
90.4140833333333,-23.6128055555556
-97.2344583333333,-7.66756111111111
169.546291666667,36.4169555555556
145.51,-36.4138277777778
-70.8702083333333,-41.1580055555556
-65.801375,49.0769
-29.3951666666667,6.70866111111111
47.1344166666667,-58.4009861111111
-85.7174166666667,-24.1661722222222
-157.350458333333,-9.03058055555556
161.593125,19.2319305555556
-74.50575,33.2323388888889
129.623791666667,32.4257805555556
4.17658333333334,-23.1166944444444
173.080791666667,22.2089055555556
-138.80825,-2.268225
-116.803833333333,-40.2303861111111
-106.850958333333,43.490475
130.610333333333,-5.77260277777778
-57.0082083333333,14.8985194444444
139.790791666667,3.69154722222222
-109.496083333333,-23.0351416666667
161.191458333333,37.2702777777778
91.0165,22.405
-30.8100833333333,62.06015
-173.850083333333,-39.3382833333333
-155.485958333333,30.7395055555556
178.215375,-3.07087222222222
-172.984416666667,-43.6503388888889
-151.172916666667,-29.9944222222222
-97.5450833333333,-3.93088888888889
48.2607083333333,82.3293
-153.391291666667,47.1499555555556
19.6227916666667,-51.1801638888889
-29.3585833333333,44.8029111111111
-159.1665,-49.4942722222222
-175.48375,-33.0550138888889
26.4210833333333,-16.1516638888889
-112.366916666667,51.9541472222222
-112.826208333333,-13.8029833333333
-152.155375,-38.9231361111111
-66.3809166666667,-6.82363055555555
-66.315875,59.6350305555556
7.36870833333331,-48.883425
-142.256791666667,67.8306083333333
-145.974375,-10.930425
-82.862125,38.2809194444444
-141.693958333333,21.973875
170.249291666667,6.75734166666667
179.936916666667,-40.2208222222222
127.883333333333,-19.2628277777778
-112.408458333333,-74.2382666666667
-103.475916666667,-42.7346138888889
-159.255625,-12.9529
6.36533333333333,11.4180583333333
135.894,25.5504305555556
-54.476,15.1941305555556
-64.7728333333333,29.5251361111111
98.744875,17.0503638888889
108.994666666667,-37.9503916666667
-99.4405833333333,-46.2939583333333
177.070541666667,12.5831166666667
25.2994166666667,-0.508661111111111
-95.9015833333333,18.1049722222222
40.88875,-34.8498694444444
-171.623541666667,62.6591027777778
-71.1306666666667,75.2391666666667
-137.654208333333,50.9750916666667
-44.4014583333333,-30.5625527777778
60.41875,-58.2835361111111
-101.622291666667,-10.4876027777778
109.694791666667,31.4980138888889
152.809333333333,4.48563611111111
-170.236958333333,60.4902111111111
48.8843333333333,14.3374944444444
-93.8916666666667,-58.5107833333333
117.637625,49.1541972222222
-138.971,29.2399666666667
-68.9739583333333,-7.04327222222222
6.33324999999998,28.8860416666667
12.7044166666667,-48.0936888888889
-87.4075416666667,20.4802888888889
168.78075,-59.4247805555556
-27.012125,-24.1292027777778
66.8459166666667,-12.0999027777778
170.428208333333,-29.7719555555556
-22.8054166666667,26.4627333333333
106.518541666667,-4.11510833333333
-69.1790416666667,26.4954222222222
-37.6949166666667,61.8893
105.57925,75.2051722222222
164.753125,21.8798555555556
48.9958333333333,-16.8556138888889
135.028833333333,7.44648333333333
-135.332333333333,10.6331027777778
151.477958333333,47.3517833333333
154.238833333333,-12.0952166666667
110.082166666667,-21.5033944444444
144.576041666667,-33.4644638888889
-127.352958333333,37.0798027777778
148.543416666667,-84.1308305555555
169.688625,0.950430555555556
90.6286666666667,-54.4558805555556
61.8475833333333,73.0993472222222
132.326458333333,-39.2149194444444
138.732208333333,47.2203222222222
124.716083333333,54.5466472222222
146.654458333333,-3.65403611111111
-23.7923333333333,26.0095
150.934541666667,30.1265555555556
-42.746375,-19.9284722222222
18.2729166666667,-10.4411194444444
-58.9070833333333,-32.5355611111111
-9.17620833333333,-30.5133638888889
152.574666666667,-61.3807583333333
-3.23975000000001,-29.7024111111111
59.8554166666666,13.758425
-48.9945416666667,-12.8640666666667
-116.592458333333,-23.9280916666667
150.246833333333,-12.3605055555556
-167.584666666667,-4.323225
-158.92075,-54.6844694444444
120.489791666667,-70.6981638888889
-26.224875,-74.5310833333333
51.9185833333333,-0.988630555555555
-74.4199166666667,27.7039138888889
-24.3246666666667,-8.81235833333333
126.346333333333,-21.2478333333333
-97.6185,-30.3447194444444
-151.672208333333,44.3909666666667
31.4065,4.39795277777778
87.18625,6.99612222222222
25.4075,40.9401694444444
83.8852083333333,31.1727527777778
-32.2017083333333,-66.4907722222222
93.6382083333334,-4.66325277777778
-33.23325,29.8493166666667
48.8939166666667,28.3424694444444
-38.8619166666667,-75.5371972222222
-37.6556666666667,-29.4595444444444
90.320375,5.29794444444444
14.67825,30.1656694444444
177.201,-31.7288472222222
-51.7322083333333,62.434625
-112.278833333333,-17.5602472222222
171.872666666667,18.1299611111111
-53.0120833333334,10.1957722222222
114.4125,-27.855175
-96.677,-55.1635972222222
113.001166666667,-10.6177861111111
-46.8625833333333,-38.9294694444444
-123.686125,43.9109055555556
59.6755,30.6266472222222
-142.395125,-12.3864361111111
-49.5476666666667,-18.5865027777778
-35.8204583333333,-20.4995083333333
104.025666666667,-50.2124805555556
92.9904583333334,47.6357694444444
-98.69375,7.30311111111111
9.0795,-52.2500722222222
-129.962208333333,-13.1142361111111
109.789,-21.6880861111111
126.33175,-59.6660083333333
78.2857916666666,-53.1742527777778
-65.317875,35.0869138888889
-39.9344583333333,70.5745555555555
26.6754583333334,29.1462111111111
70.811625,54.1488444444444
-109.635416666667,-0.938002777777778
36.8104166666666,-22.6942055555556
139.876208333333,-88.6646555555556
158.030583333333,81.6247416666667
58.8935416666667,75.7039138888889
77.923,40.4591083333333
140.211833333333,-45.0744416666667
-52.71875,10.5818
131.809583333333,55.6688027777778
108.422958333333,33.3916611111111
22.3855416666667,26.4235527777778
-102.745583333333,-5.75980277777778
7.67029166666668,-19.1785138888889
-89.2422916666667,-63.5195611111111
121.934083333333,-16.66925
-5.444375,-64.8314611111111
-141.068625,-21.5438
64.118,35.0182666666667
138.993625,-16.7083194444444
15.422375,24.6035888888889
-2.54608333333333,13.7451666666667
113.35075,-9.67496111111111
-16.1706666666667,-25.8688972222222
-162.524125,-53.5270111111111
163.004708333333,-14.6632527777778
-9.04395833333334,20.3263638888889
157.469916666667,-2.82114166666667
37.8826666666667,16.5963972222222
0.0327083333333444,-21.0240333333333
137.062541666667,-70.0666666666667
2.18787499999999,16.0038833333333
-15.5868333333334,25.9303805555556
106.707208333333,5.64473055555556
82.6807916666667,-70.6026277777778
-9.41695833333333,-50.1192277777778
163.048375,27.0617833333333
20.0434583333333,-27.0681555555556
-81.9109583333333,53.9111555555556
-62.911375,2.61986666666667
-30.32925,-60.3165583333333
97.7892083333333,41.8764388888889
1.87220833333334,-12.1905805555556
178.045375,16.2852055555556
-18.931875,-49.0363583333333
1.42020833333333,36.0696638888889
171.513875,60.3173916666667
-35.0347083333333,-55.1446111111111
-135.507166666667,25.5270972222222
23.7769583333333,7.67644722222222
29.9819166666667,17.19955
-141.067333333333,-51.1533916666667
-137.104708333333,-4.73235277777778
-117.9245,-74.9899555555556
7.24379166666667,45.2081805555556
110.116041666667,63.59225
150.698041666667,-35.1999972222222
-28.483,8.39235277777778
99.0044583333334,-51.6999416666667
69.2437916666667,-25.0679333333333
-26.3942916666667,27.2325444444444
175.107708333333,27.3398361111111
177.513708333333,23.5092361111111
148.900333333333,32.8719138888889
107.517375,35.7986638888889
44.4694583333333,-22.0240138888889
-116.275208333333,-67.6632638888889
-73.6692916666667,-60.4914666666667
146.748083333333,5.54791388888889
-121.702541666667,-65.1380972222222
104.424916666667,-7.32630555555555
-145.519916666667,-76.0999055555556
138.250541666667,78.10335
142.240291666667,30.0578222222222
7.81129166666667,-64.3290861111111
-165.849458333333,-8.32470277777778
2.70983333333333,-29.2537944444444
178.953208333333,-29.8282611111111
88.5522916666667,48.6641305555556
-60.1892916666667,56.8528888888889
38.3785833333333,10.7906722222222
19.531625,45.6404694444444
167.283208333333,-39.3265777777778
-48.4168333333333,-61.3123611111111
100.462416666667,39.5262361111111
-129.21575,9.33596388888889
179.394541666667,-31.3212916666667
77.3205833333333,-35.5371666666667
44.3511666666667,25.777175
27.7617083333333,26.5748111111111
-46.7493333333333,-15.6599055555556
-94.4041666666667,8.74570555555555
63.6510833333334,57.4219638888889
-128.976625,-71.4228722222222
12.5240416666667,29.7296416666667
-115.949875,55.3673805555556
-123.169375,46.5912805555556
-126.35275,-53.2155416666667
95.9785416666667,-14.2292333333333
133.807291666667,45.4228861111111
152.717583333333,-57.0018138888889
7.579375,38.1009333333333
67.7315833333333,76.8947305555556
-141.876166666667,-9.15600833333333
-39.2092916666667,-73.2859416666667
138.74475,18.8948611111111
173.01325,18.3806777777778
53.0464166666667,-24.4220944444444
93.9685,-5.43571666666667
-136.453208333333,-36.4515972222222
125.770708333333,-12.4689611111111
13.7302083333334,-1.2329
57.66875,53.7807194444444
-155.377625,-28.6137388888889
-52.2115416666667,-54.75785
165.047,15.9417333333333
71.838375,25.0567583333333
-131.833958333333,-75.5129722222222
-61.574875,-80.2537888888889
176.797041666667,21.6393944444444
-71.1835416666667,-27.4386722222222
-7.75483333333334,-45.6175916666667
66.7347083333333,18.3213638888889
81.7726666666667,4.79560833333333
-120.420416666667,-13.281775
81.2140416666666,-9.94680833333333
-95.3115,-11.739275
79.4257500000001,-10.3386666666667
113.458625,12.0219166666667
-173.322333333333,-28.3452805555556
0.303208333333345,38.6093027777778
66.2865,43.33545
-20.9571666666667,43.0924416666667
158.206,16.5194861111111
-101.822416666667,70.2052472222222
-52.23575,85.4671416666667
13.4334583333333,23.5514555555556
74.5774166666666,-52.8510055555556
3.57358333333333,-4.79731666666667
-9.84020833333331,-48.7650555555556
-6.27625000000001,8.24199166666667
112.50775,-54.0775694444444
35.6439583333333,52.9340138888889
162.936,-17.5134055555556
-174.594666666667,1.80798055555556
151.255791666667,-11.5252638888889
1.46779166666667,44.0638166666667
58.7489166666667,-19.9927305555556
107.240083333333,73.2312555555556
-171.740375,-6.13554722222222
37.6236666666667,-22.43085
55.3836666666667,12.8570388888889
12.65125,32.6241055555556
115.392916666667,57.1474194444444
-76.5573333333333,2.21841944444444
-95.901125,-72.8206916666667
-117.102958333333,-34.3368916666667
-40.6272083333333,15.9221166666667
9.469,-30.444675
-165.49525,-31.0470305555556
-105.547,18.5262666666667
-139.215041666667,62.6524861111111
-48.9247083333333,-3.43249444444444
-40.3469583333333,-2.50430833333333
38.1499166666667,7.1198
-33.123,13.7742833333333
87.0480833333334,68.2292444444444
122.383291666667,70.1113916666667
-125.373291666667,-53.9707361111111
-7.77516666666667,10.2229194444444
33.1939166666667,35.724725
99.449375,30.0318611111111
-102.862,24.7848944444444
160.790958333333,-12.5971833333333
78.9557083333334,18.9387277777778
-7.20529166666664,72.0005333333333
25.316875,49.3108472222222
148.745166666667,-2.73439444444444
144.346083333333,22.76855
-132.321458333333,2.72544444444444
63.9625833333333,5.17818333333333
-116.468041666667,-49.1419972222222
128.986875,-52.62685
99.0210833333334,31.6616388888889
149.570583333333,12.39255
-130.076375,-0.596361111111111
134.589333333333,-8.37271944444445
-49.3575,55.3729
98.7420416666667,-42.9072138888889
-101.784458333333,38.5625972222222
132.198583333333,-31.3477527777778
-23.115,-44.6816166666667
50.1269166666667,31.377175
7.77558333333333,60.1054666666667
-139.638,3.85204444444444
18.394875,-31.21855
93.8334583333334,17.5396777777778
-39.67475,-17.3009083333333
103.809583333333,-41.2179194444444
-53.963375,24.9222527777778
-168.578708333333,16.1516277777778
61.5549166666667,-7.334975
136.4805,54.0929583333333
128.341458333333,25.0866166666667
-58.1427083333333,50.7677777777778
-5.18245833333332,-28.895625
11.8556666666667,-11.9549777777778
-73.7892083333333,50.5868777777778
-119.465333333333,-59.4094805555556
-61.4706666666667,45.2101333333333
56.21375,58.8218833333333
148.926375,-18.4260472222222
-51.9365416666667,38.7141972222222
-150.484416666667,-40.411375
-27.8174166666667,10.9706944444444
43.6664166666667,50.6313388888889
20.5006666666667,21.7498111111111
172.423333333333,2.04176944444444
-159.868041666667,-66.4072444444444
19.77,34.1536694444444
91.3228333333333,-36.0703666666667
179.494208333333,-58.8881722222222
15.738125,-55.2635583333333
110.996541666667,-29.6170083333333
149.673333333333,-33.4410555555556
42.498625,49.788325
17.9686666666667,-8.08997777777778
-114.620875,-74.9149833333333
-148.388791666667,-43.1168111111111
85.1723333333333,34.3154083333333
136.165541666667,54.7621916666667
57.2787083333333,-22.7922
-151.752916666667,-0.742222222222222
-131.152458333333,-39.7530944444444
-101.299333333333,-49.2871861111111
-5.15325000000001,44.5582527777778
-117.14125,11.9498138888889
-175.969,5.02716111111111
49.7507916666667,8.99674166666667
43.188,-13.9834861111111
-125.751833333333,56.8861777777778
-146.66525,-35.22285
24.885125,-1.89811111111111
166.316833333333,-24.4312638888889
-153.843916666667,-80.98395
-115.8145,40.0438194444444
163.567291666667,53.3188277777778
167.82,-64.6704138888889
22.6082083333333,8.50930833333333
-154.899166666667,32.7731722222222
68.3307083333333,-32.5653277777778
-176.423333333333,-8.06141944444444
169.206958333333,-28.4605944444444
128.269291666667,35.8612138888889
84.6370416666667,-65.1154777777778
139.871291666667,-9.898375
108.752833333333,-24.0007777777778
17.377875,-48.6999777777778
136.211541666667,-33.8983083333333
-3.56920833333334,-40.9482361111111
-117.755125,12.6426888888889
116.489791666667,26.6364861111111
38.8352916666667,58.3342083333333
-105.248583333333,39.8369194444444
49.5866666666667,35.5224611111111
-127.293833333333,38.3707361111111
-170.0715,5.67491944444444
127.151541666667,28.4854555555556
-146.718541666667,-12.5965944444444
-65.4032083333333,13.4321388888889
130.208166666667,61.6829277777778
103.300583333333,-12.0108222222222
-96.05775,-42.9023638888889
-116.354625,16.1274305555556
33.1182916666667,-14.6597638888889
19.583625,-19.3991111111111
2.32091666666666,-84.3182583333333
-171.803375,-8.99903611111111
-78.2470833333333,68.6251277777778
-86.9281666666667,40.3002722222222
169.1485,2.397175
88.3439583333333,-5.96904166666667
139.936666666667,27.8513694444444
54.1080416666667,3.40391944444444
147.791375,1.95806944444444
-148.119333333333,-47.089475
115.876208333333,-49.1730944444444
-61.3408333333333,-9.46686388888889
-117.727625,-66.8522805555556
54.3952916666667,0.219222222222222
32.5435,8.79193611111111
-173.300833333333,-74.2943055555556
10.7333333333333,40.4518611111111
-81.7046666666667,-49.2431083333333
140.135833333333,-53.8074777777778
140.827041666667,50.759475
-19.301,39.7895833333333
35.8669166666667,-50.2497638888889
178.833625,-70.1109444444444
160.947833333333,-29.7733222222222
157.551833333333,0.314033333333333
-106.482416666667,-15.2693694444444
-74.3097916666667,-16.3186611111111
-17.2157083333333,-25.4361305555556
-23.3615,24.9217416666667
-5.23258333333333,46.6832138888889
-2.63075000000002,48.4038194444444
101.365458333333,64.4595805555556
-4.92041666666668,-12.0889
55.0612916666666,-35.4849638888889
86.1575833333334,5.96239166666667
-140.691625,15.7696333333333
133.51275,15.2851333333333
-58.5144583333333,-31.8067138888889
-32.565375,-15.6410138888889
178.689708333333,-23.3938055555556
113.060458333333,24.0203444444444
120.919208333333,-40.0862416666667
75.810875,-9.92705555555555
-25.7702083333333,-78.2124416666667
-17.0487083333333,10.8037166666667
18.6732083333333,37.9392944444444
-99.7014166666667,33.1757694444444
-67.287125,52.9656944444444
143.009458333333,10.4371777777778
-3.96270833333335,41.9080194444444
71.7349583333333,-7.22210277777778
-167.979333333333,-31.5108777777778
90.297375,-2.31029444444444
-149.391958333333,18.5504944444444
-30.4240416666667,-23.7988805555556
111.235583333333,22.5919694444444
155.657041666667,50.4645194444444
-69.3021666666667,-51.1143388888889
22.1199166666667,51.2952777777778
51.8044583333333,-68.534575
63.8069166666667,-56.6780972222222
-177.601958333333,43.2193388888889
156.087041666667,-4.61849722222222
-128.580041666667,46.7303
-69.1541666666667,38.0139833333333
-10.292,8.33810277777778
-59.7937083333333,53.56945
-83.1164583333333,-63.9996444444444
-139.547875,23.0323222222222
-43.4359583333333,35.4123777777778
179.189583333333,48.6137694444444
91.3882916666666,-20.5044111111111
-123.191333333333,15.8911805555556
-42.2963333333333,7.83215833333333
179.460333333333,41.6167944444444
20.4192916666667,-15.8245472222222
-94.449125,10.3168888888889
-36.463875,-36.248975
178.938958333333,43.7859611111111
-63.63175,-17.3176027777778
-77.82875,38.8539194444444
167.379666666667,-50.2991888888889
3.90687500000001,-16.1125222222222
-18.81725,-33.95185
111.03025,-3.73232777777778
122.226333333333,26.2959222222222
148.4015,-81.7308694444445
160.131833333333,-15.6055722222222
-136.287041666667,-63.8147722222222
-35.7329166666667,-24.1018305555556
-13.4520416666667,52.2571916666667
-4.33316666666669,-12.948725
-151.318375,-62.2234944444444
-97.0796666666667,-25.1495055555556
75.6627916666667,-40.3066111111111
71.6205,35.9599694444444
-17.1164166666667,64.6693805555556
167.219375,-62.1523722222222
-12.787125,3.56641666666667
-59.2437916666666,24.5835027777778
-69.7854583333333,-38.4280861111111
-88.3702083333333,-38.1276555555556
121.486166666667,-2.95511388888889
171.057833333333,-5.93181944444444
-179.222041666667,65.9271138888889
-130.574125,75.354825
-115.052708333333,-69.7397361111111
-43.6719583333333,23.9080138888889
126.59425,-84.0993444444444
-92.8179583333333,-25.6286666666667
-54.4270416666667,69.8445611111111
162.9755,55.0475555555556
-179.663958333333,-36.1903222222222
-173.138041666667,-11.8625833333333
-168.8135,-38.9361166666667
-33.4518333333333,-13.1042722222222
-114.831916666667,-27.6050805555556
-22.5645416666667,39.2247333333333
-42.3496666666667,-2.47525277777778
62.5439166666667,39.9086777777778
10.8287083333333,48.66235
61.5140416666667,6.26298611111111
14.308875,-6.570725
170.466333333333,32.8411805555556
-107.430041666667,-44.6476833333333
-15.169125,-24.8222222222222
167.24775,75.710075
-12.4844166666667,-38.3613861111111
81.3844583333334,61.2183638888889
26.24575,-1.3604
